{"cameraMode":{"drawMode":0,"name":"Shaded","section":"Shading Mode"},"sceneLighting":false,"audioPlay":false,"sceneViewState":{"m_AlwaysRefresh":false,"showFog":true,"showSkybox":false,"showFlares":true,"showImageEffects":true,"showParticleSystems":true,"showVisualEffectGraphs":true,"m_FxEnabled":true},"in2DMode":false,"pivot":{"x":-1.7881393432617188e-7,"y":1.120115876197815,"z":-0.01777815818786621},"rotation":{"x":-0.13165469467639924,"y":-0.06330278515815735,"z":0.008422675542533398,"w":-0.9892399311065674},"size":1.5278263092041016,"orthographic":false}