{"cameraMode":{"drawMode":0,"name":"Shaded","section":"Shading Mode"},"sceneLighting":false,"audioPlay":false,"sceneViewState":{"m_AlwaysRefresh":false,"showFog":true,"showSkybox":false,"showFlares":true,"showImageEffects":true,"showParticleSystems":true,"showVisualEffectGraphs":true,"m_FxEnabled":true},"in2DMode":false,"pivot":{"x":-2.384185791015625e-7,"y":1.566811442375183,"z":-0.020409226417541505},"rotation":{"x":-0.13165469467639924,"y":-0.06330278515815735,"z":0.008422675542533398,"w":-0.9892399311065674},"size":1.9747074842453004,"orthographic":false}